post_id,title,body,flair,score,num_comments,upvote_ratio,date_utc,url,ticker,sentiment,classification_method
1u7e3gv,Threw my entire Roth ira (315k worth) into SpaceX at 211,,YOLO,12957,2458,0.9,2026-06-16 13:49:00+00:00,https://www.reddit.com/r/wallstreetbets/comments/1u7e3gv/threw_my_entire_roth_ira_315k_worth_into_spacex/,,Positive,llm_judge
1u8l579,Bring back the GOAT,,Meme,12050,182,0.96,2026-06-17 20:09:00+00:00,https://www.reddit.com/r/wallstreetbets/comments/1u8l579/bring_back_the_goat/,,Neutral,llm_judge
1u6z65o,"SpaceX, $SPCX, is now trading above $220/share in overnight trading","This makes Space worth nearly $2.9 TRILLION, less than $100 billion away from surpassing Microsoft.

&#x200B;

This also puts SpaceX up +63% from its IPO price of $135/share.

&#x200B;

Furthermore, the combined market cap of both SpaceX and Tesla is now at a record $4.4 trillion.

&#x200B;

That’s bigger than the market cap of Apple and roughly equivalent to the market cap of Google.",Discussion,11575,2843,0.91,2026-06-16 01:05:00+00:00,https://www.reddit.com/r/wallstreetbets/comments/1u6z65o/spacex_spcx_is_now_trading_above_220share_in/,SPCX,Positive,llm_judge
1u7q3pz,goodbye everyone,almost break even from this run up via all the popular tickers. lost my self control n lost it holding the same things n some world cup betting. also lost 10k on another account. i have nothing now n nothing going for me in life. practically halfway to 30 and just dead weight to my parents. gonna sell my gun before i use it and pay off some debt. i hope you all do better than me. goodbye,Loss,5555,1946,0.95,2026-06-16 21:03:00+00:00,https://www.reddit.com/r/wallstreetbets/comments/1u7q3pz/goodbye_everyone/,,Negative,rules_based
1u8hkol,"🇺🇸 Federal Reserve leaves interest rates unchanged, remains at 3.50% - 3.75%.",,News,5385,428,0.98,2026-06-17 18:00:00+00:00,https://www.reddit.com/r/wallstreetbets/comments/1u8hkol/federal_reserve_leaves_interest_rates_unchanged/,,Neutral,llm_judge
1u9bfu2,SpaceX Bankers Preparing for Bond Sale of at Least $20 Billion,,News,5293,713,0.97,2026-06-18 16:45:00+00:00,https://www.reddit.com/r/wallstreetbets/comments/1u9bfu2/spacex_bankers_preparing_for_bond_sale_of_at/,,Neutral,llm_judge
1u8nkxm,"US and Iran sign deal ahead of schedule, sources say",,News,4888,763,0.96,2026-06-17 21:42:00+00:00,https://www.reddit.com/r/wallstreetbets/comments/1u8nkxm/us_and_iran_sign_deal_ahead_of_schedule_sources/,,Neutral,llm_judge
1u6eobf,Fox to buy streaming pioneer Roku in a $22 billion deal,,News,4637,613,0.96,2026-06-15 12:05:00+00:00,https://www.reddit.com/r/wallstreetbets/comments/1u6eobf/fox_to_buy_streaming_pioneer_roku_in_a_22_billion/,,Positive,llm_judge
1u8ns62,I'm a WallStreetBets Millionaire! AMA,"Positions are included.

&#x200B;

Yeah I know I owe taxes but seeing two commas does something for me. People have been telling me to chill tf out so now that I'm here I think I'll take a good week or two off. 

&#x200B;

Mainly trading 0 dte on QQQ.",Gain,4306,740,0.92,2026-06-17 21:50:00+00:00,https://www.reddit.com/r/wallstreetbets/comments/1u8ns62/im_a_wallstreetbets_millionaire_ama/,,Positive,rules_based
1uabfl5,$2.1M in gains in 2 years,I actually gained around $1.6M 2 years ago and stopped and then gained another \~$500k this year. Withdrew my $1.6M 2 years ago which is why account value today doesn’t add up. Deposited around 150k total over this whole period of time. My top positions shown and the last month.,Gain,3997,310,0.91,2026-06-19 19:32:00+00:00,https://www.reddit.com/r/wallstreetbets/comments/1uabfl5/21m_in_gains_in_2_years/,,Positive,rules_based
1u886t7,I have lost every position I've taken since june started.,"Tried to buy the dip on PLTR, SLV, GLD, MSFT, SPY Puts, Spy Calls.

I am the exit liquidity.",Loss,3931,764,0.97,2026-06-17 12:00:00+00:00,https://www.reddit.com/r/wallstreetbets/comments/1u886t7/i_have_lost_every_position_ive_taken_since_june/,,Negative,rules_based
1u7a2at,SpaceX to buy Cursor AI coding agent operator Anysphere for $60 billion,"&#x200B;

SpaceX already making moves. Know theyve talked about this before 

&#x200B;

Calls?",News,3919,585,0.96,2026-06-16 10:48:00+00:00,https://www.reddit.com/r/wallstreetbets/comments/1u7a2at/spacex_to_buy_cursor_ai_coding_agent_operator/,,Positive,llm_judge
1u8letx,Dow tumbles 500 points as possible rate hike under new Fed chief rattles Wall Street,,News,3604,190,0.97,2026-06-17 20:19:00+00:00,https://www.reddit.com/r/wallstreetbets/comments/1u8letx/dow_tumbles_500_points_as_possible_rate_hike/,,Negative,llm_judge
1u7qnev,"Michael Burry says he’s tempted to bet against SpaceX, but passes on expensive options",,News,3333,439,0.97,2026-06-16 21:24:00+00:00,https://www.reddit.com/r/wallstreetbets/comments/1u7qnev/michael_burry_says_hes_tempted_to_bet_against/,,Negative,llm_judge
1u7pzv5,First exam I’ve ever gotten 100% on!,No dad I lost it all!,Loss,2955,179,0.98,2026-06-16 20:59:00+00:00,https://www.reddit.com/r/wallstreetbets/comments/1u7pzv5/first_exam_ive_ever_gotten_100_on/,,Negative,rules_based
1ubhdd2,It’s a choice,,Meme,2863,194,0.98,2026-06-21 05:12:00+00:00,https://www.reddit.com/r/wallstreetbets/comments/1ubhdd2/its_a_choice/,,Neutral,llm_judge
1ua7mug,The US says ASML's top chip tool may be in China | TechCrunch,,News,2485,403,0.96,2026-06-19 17:07:00+00:00,https://www.reddit.com/r/wallstreetbets/comments/1ua7mug/the_us_says_asmls_top_chip_tool_may_be_in_china/,,Neutral,llm_judge
1u7wup4,"A year ago, Michael Burry sold everything except Estee Lauder. He also bought puts on Nvidia.",">May 19, 2025

>…He had been quite bullish on China, owning large Chinese stocks like Alibaba, Baidu, JD.Com, and PDD Holdings. But after selling these stocks, he also purchased put options on these names. Put options are similar to call options but in the opposite direction, essentially betting that a stock price will decline. Burry also purchased put options on Nvidia…

>… Interestingly, Burry's lone remaining long position is the multinational cosmetics company Estée Lauder, which is down over 50% in the last year (as of May 16). Scion actually doubled its position in the company in the first quarter...",Discussion,2393,343,0.96,2026-06-17 01:49:00+00:00,https://www.reddit.com/r/wallstreetbets/comments/1u7wup4/a_year_ago_michael_burry_sold_everything_except/,,Negative,llm_judge
1u9ffv5,"Spacex loss prn, suggestions for my last 40k?",,Loss,2102,840,0.96,2026-06-18 19:11:00+00:00,https://www.reddit.com/r/wallstreetbets/comments/1u9ffv5/spacex_loss_prn_suggestions_for_my_last_40k/,,Negative,rules_based
1uax8o6,SNAP can only go up from here,,Meme,2094,136,0.98,2026-06-20 13:55:00+00:00,https://www.reddit.com/r/wallstreetbets/comments/1uax8o6/snap_can_only_go_up_from_here/,,Positive,llm_judge
1u7236h,"Bank of Japan 25bp rate hike to 1%, as widely expected",,News,2007,135,0.99,2026-06-16 03:20:00+00:00,https://www.reddit.com/r/wallstreetbets/comments/1u7236h/bank_of_japan_25bp_rate_hike_to_1_as_widely/,,Neutral,llm_judge
1u6fjh8,Nvidia Looks to Raise at Least $20 Billion From Bond Offering,,News,1952,232,0.98,2026-06-15 12:43:00+00:00,https://www.reddit.com/r/wallstreetbets/comments/1u6fjh8/nvidia_looks_to_raise_at_least_20_billion_from/,,Neutral,llm_judge
1uawfjv,One Million Dollars. One Brain Cell.,"https://preview.redd.it/0yoztt6mtf8h1.png?width=539&format=png&auto=webp&s=6915892250aa9284bcfc1fcfc58228bd4f87eb00



https://preview.redd.it/wrvtk7wttf8h1.png?width=1861&format=png&auto=webp&s=5b4431ffe62997e6ea5055429cb38fde17d82c6e

10x",Gain,1776,80,0.96,2026-06-20 13:18:00+00:00,https://www.reddit.com/r/wallstreetbets/comments/1uawfjv/one_million_dollars_one_brain_cell/,,Positive,rules_based
1ua6fqn,How did WSB's stock picks of 2026 perform in Q2 - Mid year check in,"First of all, I know we still have over a week till end of Q2, but I'm bored that the stock market is closed today, so I'm posting this a week early.

  
At the end of 2024, there was a thread here in which people picked their stocks to watch for 2025. 

* At the end of **2025**, WSB's top 10 picks had an average return of **76%**, which beat SPY which returned only **17%** in 2025.

So at the end of 2025, another thread was posted here in which people picked their stocks to watch for 2026. 

10 stocks were picked based on how many times they were mentioned in that thread. This is how they have performed year to date:

**1 ASTS: 8.15%**  
**2 RKLB: 50.36%**  
**3 GOOGL/GOOG: 15.62%**  
**4 AMZN: 5.11%**  
**5 NBIS: 228.22%**  
**6 RDDT: -25.15%**  
**7 MU: 290.28%**  
**8 IREN: 53.88%**  
**9 TSLA: -12.95%**  
**10 PLTR: -29.05%**

So that is an average return of **58.45%** , compared to SPY's YTD return of **8.93%** 

With SPY curve this year looks so similar to last year (Jan/Feb peak then March/April bottom from Trump's dump and pump), and we are moving in the same direction as last year, my guess is: 

* At the end of **2026**, WSB's top 10 picks will have an average return of about **76%**, and SPY will has a YTD return of about **17%**

WSB has a better track record than hedge funds. If you are still not convinced that we are superior regards, you are missing out on the greatest and easiest generational wealth of your lifetime!",Discussion,1677,271,0.98,2026-06-19 16:22:00+00:00,https://www.reddit.com/r/wallstreetbets/comments/1ua6fqn/how_did_wsbs_stock_picks_of_2026_perform_in_q2/,,Positive,llm_judge
1u8mmrq,"Apple to Raise Prices Due to Memory Chip Crunch, Tim Cook Says",,News,1546,142,0.98,2026-06-17 21:06:00+00:00,https://www.reddit.com/r/wallstreetbets/comments/1u8mmrq/apple_to_raise_prices_due_to_memory_chip_crunch/,,Negative,llm_judge
1u72yla,The only hope you have is to accept the fact that you're already dead,,Meme,1537,52,0.98,2026-06-16 04:04:00+00:00,https://www.reddit.com/r/wallstreetbets/comments/1u72yla/the_only_hope_you_have_is_to_accept_the_fact_that/,,Negative,llm_judge
1u87sb4,"AST SpaceMobile Announces Successful Orbital Launch of BlueBirds 8, 9, and 10",,News,1491,160,0.97,2026-06-17 11:40:00+00:00,https://www.reddit.com/r/wallstreetbets/comments/1u87sb4/ast_spacemobile_announces_successful_orbital/,,Positive,llm_judge
1u9tci4,When MU going back to $100…?,,Loss,1408,403,0.96,2026-06-19 05:35:00+00:00,https://www.reddit.com/r/wallstreetbets/comments/1u9tci4/when_mu_going_back_to_100/,,Negative,rules_based
1u9i619,33k -> 225k in a month.,Been a whirlwind of ups and downs. Caught the ride up from WDC calls last week and sold at 795 or so today and ported into SMR given the recent wave of news. Traded on vibes and prayers and saw my portfolio go to 130k back down to 56k and to 218k and then back down to 138k to end here at close today. Long weekend plus peace deal signing plus fed being over has me holding into the weekend.,Gain,1226,117,0.96,2026-06-18 20:55:00+00:00,https://www.reddit.com/r/wallstreetbets/comments/1u9i619/33k_225k_in_a_month/,,Positive,rules_based
1u9jfcg,Even more investors want out of private credit,,News,1125,89,0.97,2026-06-18 21:44:00+00:00,https://www.reddit.com/r/wallstreetbets/comments/1u9jfcg/even_more_investors_want_out_of_private_credit/,,Negative,llm_judge
1u6omao,100k SPY 6/16 744c YOLO held through iran deal / Trump's birthday weekend,"Once again I can not believe my luck. Like an absolute regard I Yolo'd 109k into 4dte $744 SPY Calls last friday around 3:00pm. The weekend was a roller-coaster, but we got that sweet deal with Iran signed last minute.

I'm going to stop now I promise. My net worth was below 20k last month. The Tax man will rip me a new hole come tax season. I'm on cloud 9.",Gain,1076,138,0.98,2026-06-15 18:17:00+00:00,https://www.reddit.com/r/wallstreetbets/comments/1u6omao/100k_spy_616_744c_yolo_held_through_iran_deal/,,Positive,rules_based
1u748av,Shorting SpaceX Tomorrow: Blue Origin Blew Up Its Own Rocket To Pump SpaceX,"I’m shorting SpaceX tomorrow because everyone is looking at this backwards.

My theory is simple: Blue Origin secretly has massive SpaceX exposure through funds, banks, private vehicles, billionaire nonsense, or some other rich-person plumbing that regular people are not allowed to understand.

So Blue Origin sacrifices one rocket. The rocket blows up. Everyone says Blue Origin is dead.

SpaceX pumps because it looks like the only serious launch company left.

Blue Origin’s hidden SpaceX exposure goes vertical.

They shorted their own reputation to go long SpaceX hype.

I am shorting SpaceX because this is the most obvious “everyone piles into the winner after the loser explodes” trap I’ve ever seen.

The Trade  
SpaceX does not need to fail. Blue Origin just needs to prove the gap is smaller than people think.  
If Blue Origin gets a working rocket, better launch cadence, or a real contract win, the story changes fast. SpaceX goes from “monopoly on the future” to “best company in a brutal, capital-heavy industry.”  
That is still good. It is just not worth the same multiple.

Catalyst  
Blue Origin sells into the SpaceX pump. Then it uses that money to accelerate development. Then one day they hit a milestone and everyone suddenly remembers governments and corporations do not like depending on one launch provider forever.  
That is when the monopoly premium starts coming out of SpaceX.

Why The Stock Drops  
SpaceX is priced like the future is already decided.  
If Blue Origin closes the tech gap, that premium gets cut. First you get sell pressure from Blue Origin cashing out. Then you get valuation pressure when the market realizes SpaceX is not the only game in town. That is how the pump becomes the top.

Risks  
Blue Origin might actually just be bad at rockets.

Also, I cannot prove any of this, because billionaire financial structures are basically dark matter with accountants.

But the logic is there.  
Blues Origin blows up one rocket, pumps SpaceX, sells the hype, funds the comeback, closes the tech gap, and kills the monopoly narrative.  
Short SpaceX.

Not financial advice. I have no evidence, only pattern recognition and a healthy distrust of bald billionaires with launch pads.",Discussion,988,261,0.85,2026-06-16 05:10:00+00:00,https://www.reddit.com/r/wallstreetbets/comments/1u748av/shorting_spacex_tomorrow_blue_origin_blew_up_its/,,Negative,llm_judge
1uagc37,You regards are making history,“Retail investors have never traded more options.” Let’s show ‘em what we’re made of.,News,971,102,0.98,2026-06-19 22:56:00+00:00,https://www.reddit.com/r/wallstreetbets/comments/1uagc37/you_regards_are_making_history/,,Positive,llm_judge
1u7w7nf,Open AI's money fire goes on,"""*Recent reports said OpenAI was planning to slash its AI pricing to better compete with rival Anthropic. Such a move could further hurt the company’s finances, especially given that it is yet to turn over a profit.*

*The company clocked a net loss of about $39 billion in 2025, the Financial Times reported earlier on Tuesday*"".",News,881,181,0.96,2026-06-17 01:19:00+00:00,https://www.reddit.com/r/wallstreetbets/comments/1u7w7nf/open_ais_money_fire_goes_on/,,Negative,llm_judge
1ub60wz,Europoor discovers WSB,,Gain,878,136,0.91,2026-06-20 20:01:00+00:00,https://www.reddit.com/r/wallstreetbets/comments/1ub60wz/europoor_discovers_wsb/,,Positive,rules_based
1uajz9v,Drank the Kool-aid. We can come back?,Someone told me it would be 300 by now.,Loss,801,537,0.9,2026-06-20 01:49:00+00:00,https://www.reddit.com/r/wallstreetbets/comments/1uajz9v/drank_the_koolaid_we_can_come_back/,,Negative,rules_based
1u7okd5,Can a single listing like SPCX crash the market?,"To me, SPCX clearly is not rationally valued. If the market eventually corrects this and the stock crashes into single digits, or even lower, could that trigger a chain reaction in the broader market? In other words, I am wondering whether SPCX could become large enough to threaten the wider economy, possibly even globally, during a major sell-off.",Discussion,783,513,0.84,2026-06-16 20:05:00+00:00,https://www.reddit.com/r/wallstreetbets/comments/1u7okd5/can_a_single_listing_like_spcx_crash_the_market/,,Negative,llm_judge
1u6tz0f,Is the market regarded ?,Why would one buy SPCX at this valuation?,Loss,583,507,0.91,2026-06-15 21:27:00+00:00,https://www.reddit.com/r/wallstreetbets/comments/1u6tz0f/is_the_market_regarded/,,Negative,rules_based
1u7er9k,Anyone sold SPCX Puts this morning on the 1st SPCX options day,"https://preview.redd.it/0apr3ky1kn7h1.png?width=2174&format=png&auto=webp&s=0cd596d0ef790f2ade85ba281a6e9f9082bf587a

Woke up early before any indications on the SPCX maiden options trading day June 16, 2026. Pre open with SPCX still under 203, I placed multiple STO Put orders at 150 to 195 Strikes.  Got filled at $8 for the 190 Puts.  The premium was lower, much lower than I calculated hours before, especially with the 229 printed overnight.

I guess the premium may have halved due to the all stock $60 billion deal for Cursor AI, but that news was not at all un-expected.  So now as I write this, SPCX has climbed to #4 market cap, ahead of Amazon and now Microsoft nearing $3 Trillion.",Discussion,575,126,0.94,2026-06-16 14:14:00+00:00,https://www.reddit.com/r/wallstreetbets/comments/1u7er9k/anyone_sold_spcx_puts_this_morning_on_the_1st/,,Neutral,llm_judge
1u7na7p,The SpaceX Short Because Blue Origin: Day 1 of options beginning available Put,"The follow-up post to yesterday’s post on why I’m shorting SpaceX because Blue Origin.

I bought 10 $155 puts for a total value of $13,000, they expire 8/21. This is all my rent money for the year.",YOLO,553,201,0.94,2026-06-16 19:19:00+00:00,https://www.reddit.com/r/wallstreetbets/comments/1u7na7p/the_spacex_short_because_blue_origin_day_1_of/,,Negative,llm_judge
1u8g42f,SpaceX Buys Tesla – Before The Midterms,"**The Bet:**

120 contracts of Dec 18, 2026 $990 calls - the most profitable option on a surprise early deal announcement,  currently widely expected to come in 2027.

**The Setup:**

The new Congress gets seated on January 3, 2027. If the House flips, multiple committees (Judiciary, Armed Services, Intelligence, and Science) can be expected to launch aggressive oversight and investigations into the deal. This typically involves public hearings where executives are forced to testify repeatedly, and broad document subpoenas across multiple committees. This can add significant delays and uncertainty to the transaction.

Even with fast-tracking under the current administration, a deal of this size typically needs 5–6 months from announcement to close (regulatory approval + special shareholder meeting), so Elon has a strong incentive to get this announced by mid-September at the latest, so it can close before a possible flip in Congress.

**The Payoff:**

Selling on the announcement into IV spike, at extrinsic value. Will exit no later than  October to avoid accelerating theta decay.",YOLO,553,197,0.91,2026-06-17 17:07:00+00:00,https://www.reddit.com/r/wallstreetbets/comments/1u8g42f/spacex_buys_tesla_before_the_midterms/,,Negative,llm_judge
1u75zkp,OpenAI spending hit $34bn last year ahead of planned IPO,,News,538,77,0.98,2026-06-16 06:50:00+00:00,https://www.reddit.com/r/wallstreetbets/comments/1u75zkp/openai_spending_hit_34bn_last_year_ahead_of/,,Neutral,llm_judge
1u6ijs5,Sandisk (SNDK) $1000 ITM,"Just kept rolling over the past weeks but left 1x of some of the earliest positions just to see how far in the money they'd go. If I had left the $300/$500 positions from my starter position this would be even deeper.

Thinking we can see $5000 in a year. Memory demand is still accelerating.",Gain,477,49,0.95,2026-06-15 14:41:00+00:00,https://www.reddit.com/r/wallstreetbets/comments/1u6ijs5/sandisk_sndk_1000_itm/,,Positive,rules_based
1u6dlj4,Where to put money aside Nasdaq if think a crash is coming,"**TLDR**: Dot com bust took NASDAQ 16 years to recover. Where should money go to (1) consolidate the massive gains last 5yrs, and (2) risk adust for possible crash from 3 massive AI IPOs?

What are other very long term (multi decade) investment options aside from NASDAQ / S&P500? (So, to all the regards that means options are out. Unless there's a play that mathematically makes sense to remain in Nasdaq & buy hedge puts?)


I'm not saying a crash is definitely coming but the below graph shows that when dot com crash did come, it took 16 years to recover. The current AI euphoria could lead to one with the 3 big IPOs happening this year. Again, not saying it will, but it could. NASDAQ was up 500% in 3 yrs during dot com, so it's not as extreme now, but it could become so in next 6 months.


Where is a good place to rotate all the capital? Is it gold, is it something else? (Gold seems like an old money, unproductive investment. Maybe that's good? I don't know.)


There's always the risk of being conservative, rotating out, nothing happening and then missing out on 100% gains like over last 3 years.",Discussion,458,580,0.74,2026-06-15 11:14:00+00:00,https://www.reddit.com/r/wallstreetbets/comments/1u6dlj4/where_to_put_money_aside_nasdaq_if_think_a_crash/,,Negative,llm_judge
1u9l0df,70k all in on DRAM. Not selling until $100+,"is this how it's done? Did I do good, my fellow regards.",YOLO,427,141,0.95,2026-06-18 22:51:00+00:00,https://www.reddit.com/r/wallstreetbets/comments/1u9l0df/70k_all_in_on_dram_not_selling_until_100/,,Positive,llm_judge
1u6rkzt,"What Are Your Moves Tomorrow, June 16, 2026",This post contains content not supported on old Reddit. [Click here to view the full post](https://sh.reddit.com/r/wallstreetbets/comments/1u6rkzt),,427,9440,0.93,2026-06-15 20:00:00+00:00,https://www.reddit.com/r/wallstreetbets/comments/1u6rkzt/what_are_your_moves_tomorrow_june_16_2026/,,Neutral,llm_judge
1u6lhff,I keep coming back to MU,,YOLO,415,76,0.95,2026-06-15 16:26:00+00:00,https://www.reddit.com/r/wallstreetbets/comments/1u6lhff/i_keep_coming_back_to_mu/,,Neutral,llm_judge
1u9ajly,Full Port Microsoft - Undervalued !!! 🚀📈,"After the recent selloff for Microsoft stock i compared it to the performance of Alphabet and Amazon going back to January 2024.

While Microsoft has returned 0% since January 2024, Alphabet has gained 158% and Amazon 58% in the same timeframe.

Microsoft has a current P/E ratio of 22, which has been the bottom within the last 10 years, peaking at 39 four times. The average has been around 30-35.

In conclusion i see Microsoft as very cheap considering the current stock price. Sure CapEx has been high, but the investments will show in Azure growth. OpenAI is obligated to run ChatGPT on Microsoft Cloud, as long as there is capacity available. Besides AI there is still a lot of room for Cloud usage in general, so i dont see a realistic risk of these investments turning into a problem. The business is growing, so the recent selloff seems unjustified.

Bought Leaps 2 weeks ago, bought again last friday and will do so again if the stock keeps falling / stagnating.

Whats going on here?",DD,410,282,0.88,2026-06-18 16:11:00+00:00,https://www.reddit.com/r/wallstreetbets/comments/1u9ajly/full_port_microsoft_undervalued/,,Positive,llm_judge
1u9nakp,Smith and Wesson ($SWBI) BANG BANG BANG,"So now Im in the money after recent earnings.. feel like theres room to run here as these “luxury goods” are high quality and in ever increasing demand with current events.

Anyone else here got exposure to this/theories on potential upside?",Discussion,384,122,0.92,2026-06-19 00:33:00+00:00,https://www.reddit.com/r/wallstreetbets/comments/1u9nakp/smith_and_wesson_swbi_bang_bang_bang/,SWBI,Positive,llm_judge
1u6c6sm,"Daily Discussion Thread for June 15, 2026",This post contains content not supported on old Reddit. [Click here to view the full post](https://sh.reddit.com/r/wallstreetbets/comments/1u6c6sm),,367,12445,0.93,2026-06-15 10:00:00+00:00,https://www.reddit.com/r/wallstreetbets/comments/1u6c6sm/daily_discussion_thread_for_june_15_2026/,,Neutral,llm_judge
1u9dsd8,Old enough to remember MU $90 memes,,Gain,362,35,0.96,2026-06-18 18:10:00+00:00,https://www.reddit.com/r/wallstreetbets/comments/1u9dsd8/old_enough_to_remember_mu_90_memes/,,Positive,rules_based
1u6hyfh,Orange men finally made me money,,Gain,347,47,0.9,2026-06-15 14:18:00+00:00,https://www.reddit.com/r/wallstreetbets/comments/1u6hyfh/orange_men_finally_made_me_money/,,Positive,rules_based
1uboo8r,"Bears what are you waiting on? A 5, 10, 15, 30 or 50% drop are you perma bearish and will only buy puts and shorts?","Every time the market pulls back even a tiny bit this subreddit fills up with bearish victory laps, but I rarely see any of these accounts discuss their actual exit strategy or buying triggers.

If you are currently sitting 100% cash, holding inverse ETFs, or buying puts, what is your actual target to flip bullish?

If an actual correction happens, do you buy the dip or do you get greedy, assume it's going down 30%+ and miss the boat entirely when it rallies back to all time highs?

Is there a data point (forward P/E ratios, specific macro data) or a literal percentage drop from the top that makes you deploy capital or are you just permanently bearish until the entire financial system resets?",Discussion,346,241,0.87,2026-06-21 12:20:00+00:00,https://www.reddit.com/r/wallstreetbets/comments/1uboo8r/bears_what_are_you_waiting_on_a_5_10_15_30_or_50/,,Neutral,llm_judge
1u796ur,"Daily Discussion Thread for June 16, 2026",This post contains content not supported on old Reddit. [Click here to view the full post](https://sh.reddit.com/r/wallstreetbets/comments/1u796ur),,332,14690,0.93,2026-06-16 10:00:00+00:00,https://www.reddit.com/r/wallstreetbets/comments/1u796ur/daily_discussion_thread_for_june_16_2026/,,Neutral,llm_judge
1ub0nzy,Not bad,"4,800% gain",Gain,323,50,0.94,2026-06-20 16:20:00+00:00,https://www.reddit.com/r/wallstreetbets/comments/1ub0nzy/not_bad/,,Positive,rules_based
1u7u0a9,Microsoft DD (Not AI for once!),"Microsoft is **down**

\- 17% the past 6 months   
\- 17% in the last year  
\- 12% in the last 2 years

And is only up +17% since December of 2021. In the same time, their earnings have grown 73%. Thus, their P/E ratio has plummeted to a level not seen since  FORTNITE SEASON 1 (mid 2017 for context). In comparison, Google traded at a P/E ratio of 28, Nvidia at 31, and Apple at 36.

Microsoft currently has the 3rd highest earnings in the past 4 Quarters of all publicly traded companies in the world. And for the future, Azure (their leading profit making engine) growth is currently \~39%-40% Y/Y and is used by 95% of Fortune 500 companies.

As for the fear of growing Capex, the overwhelming majority of spending is going directly into Azure growth. The demand is there, as Microsoft announced $627 billion in potential future revenue currently sitting in its backlog. For a company that has a net profit margin of 38%, that’s $240 billion in pure net income.

The earnings have been, and are still there. The demand is there. The route to unlocking that demand is there. 

It’s only a matter of time until Microsoft regains their ground as a top global company.",DD,322,225,0.93,2026-06-16 23:40:00+00:00,https://www.reddit.com/r/wallstreetbets/comments/1u7u0a9/microsoft_dd_not_ai_for_once/,,Positive,llm_judge
1u85wuy,"Daily Discussion Thread for June 17, 2026",This post contains content not supported on old Reddit. [Click here to view the full post](https://sh.reddit.com/r/wallstreetbets/comments/1u85wuy),,315,19956,0.93,2026-06-17 10:00:00+00:00,https://www.reddit.com/r/wallstreetbets/comments/1u85wuy/daily_discussion_thread_for_june_17_2026/,,Neutral,llm_judge
1u76uuq,China economy weakens further in May as retail sales post first drop in over three years,"Retail sales declined for the first time since December 2022, dropping 0.6% from a year earlier.

China’s urban fixed-asset investment contracted 4.1% as of end-May, dragged by real estate and manufacturing.

Manufacturing fixed-asset investment contracted for the first time since December 2020.

Industrial output was the lone bright spot, rebounding from April’s near three-year low.

The national unemployment rate fell to 5.1% in May, compared with 5.2% in April.

[Source](https://www.cnbc.com/2026/06/16/china-economy-may-retail-sales-industrial-output-fixed-asset-investment-.html)",News,294,95,0.94,2026-06-16 07:41:00+00:00,https://www.reddit.com/r/wallstreetbets/comments/1u76uuq/china_economy_weakens_further_in_may_as_retail/,,Negative,llm_judge
1u8anj4,$MP ->  G7 aims to see China supply no more than 60% of rare earths,,News,286,80,0.94,2026-06-17 13:46:00+00:00,https://www.reddit.com/r/wallstreetbets/comments/1u8anj4/mp_g7_aims_to_see_china_supply_no_more_than_60_of/,MP,Positive,llm_judge
1u9ju8m,$15k to $78k this month,Mostly scalping $MU calls. Fumbled yesterday towards the end or could have been $120k. Realized gains anyway.,Gain,283,70,0.94,2026-06-18 22:01:00+00:00,https://www.reddit.com/r/wallstreetbets/comments/1u9ju8m/15k_to_78k_this_month/,,Positive,rules_based
1u90kic,Apple/ Intel chip deal,"Overnight pump news by our boy. Apple and Intel reach a deal.


[https://finance.yahoo.com/technology/articles/trump-says-apple-intel-manufacture-044440199.html](https://finance.yahoo.com/technology/articles/trump-says-apple-intel-manufacture-044440199.html)",News,278,112,0.93,2026-06-18 08:26:00+00:00,https://www.reddit.com/r/wallstreetbets/comments/1u90kic/apple_intel_chip_deal/,,Positive,llm_judge
1u7ojq0,SPCX Rocket Ship Imploding,Halp my 🚀🚀🚀 is developing a wobble on takeoff.,YOLO,276,256,0.72,2026-06-16 20:05:00+00:00,https://www.reddit.com/r/wallstreetbets/comments/1u7ojq0/spcx_rocket_ship_imploding/,,Negative,llm_judge
1u96rsw,Is this what a well diversified portfolio looks like?,I have a room temperature IQ btw,YOLO,255,66,0.94,2026-06-18 13:48:00+00:00,https://www.reddit.com/r/wallstreetbets/comments/1u96rsw/is_this_what_a_well_diversified_portfolio_looks/,,Neutral,llm_judge
1u9knkl,SpaceX Nasdaq-100 forced buy thesis may be way smaller than people think because of the float cap,"People are saying SpaceX is going to rip because Nasdaq-100 / QQQ index funds will be “forced to buy” after inclusion. I get the mechanical demand argument, but I think the actual required buying may be way smaller than the hype implies.

The part I think people are missing is the low float treatment.

If SpaceX is valued around $2.5T but only has \~4% public float, Nasdaq does not necessarily weight it as if the whole $2.5T company is investable. My understanding is the new rule effectively allows low-float companies to be counted at up to 3x float for weighting purposes.

So if the float is 4%, then the index-weighting value is not 100% of SpaceX’s market cap. It is more like:

4% float × 3 = 12% counted

So instead of Nasdaq treating SpaceX like a $2.5T company for index weighting, it would treat it more like:

$2.5T × 12% = \~$300B

For comparison, Nvidia is over $5T and has one of the biggest weights in QQQ / Nasdaq-100. If SpaceX were fully counted, it might be a huge top holding. But if only \~$300B of “effective market cap” counts for index weighting, then the actual weight could be less than 1%, or maybe around 1% depending on the final numbers.

That still creates forced demand. I’m not saying there is zero index effect. But the “every index fund has to buy this massive $2.5T company immediately” narrative seems misleading if the float cap means only a small fraction of the market cap is used for weighting.

Am I thinking about this correctly? The bull case would be that the float is so tiny that even a sub-1% index weight creates a supply shortage. But the bear case is that people are overestimating the size of the required buy because they are assuming full market-cap weighting when Nasdaq may only count 3x the float.",Discussion,244,67,0.89,2026-06-18 22:35:00+00:00,https://www.reddit.com/r/wallstreetbets/comments/1u9knkl/spacex_nasdaq100_forced_buy_thesis_may_be_way/,,Negative,llm_judge
1u7qcnj,"Serious discussion: Is it time to full port healthcare, or am I regarded?","Healthcare has been getting destroyed relative to SPY while everyone keeps chasing semi.

Is this an obvious mean reversion/sector rotation play, or is healthcare cheap for a reason?

Is it really this easy, or am I regarded?",Discussion,234,216,0.88,2026-06-16 21:12:00+00:00,https://www.reddit.com/r/wallstreetbets/comments/1u7qcnj/serious_discussion_is_it_time_to_full_port/,,Neutral,llm_judge
1u8lj1b,Thanks Kevin,,Gain,232,51,0.96,2026-06-17 20:24:00+00:00,https://www.reddit.com/r/wallstreetbets/comments/1u8lj1b/thanks_kevin/,,Positive,rules_based
1u6kr1z,Just Do It,How many of you gonna buy some shoes so I won’t have to hold this bag,Loss,230,48,0.97,2026-06-15 16:01:00+00:00,https://www.reddit.com/r/wallstreetbets/comments/1u6kr1z/just_do_it/,,Negative,rules_based
1u7enif,$380 LEAP for SPCX wish me luck,"The market trades on vibes and hype. So, the moment they started selling options. I jumped in as soon as I can. Wish me luck!",YOLO,217,182,0.86,2026-06-16 14:10:00+00:00,https://www.reddit.com/r/wallstreetbets/comments/1u7enif/380_leap_for_spcx_wish_me_luck/,,Positive,llm_judge
1u8p50z,"150k SPCX YOLO OTDE and 7/17, cooked or cooking?",,YOLO,207,356,0.87,2026-06-17 22:45:00+00:00,https://www.reddit.com/r/wallstreetbets/comments/1u8p50z/150k_spcx_yolo_otde_and_717_cooked_or_cooking/,,Neutral,llm_judge
1u9pu4m,Soo what happens now.,Can't believe Donny Pump got me.,Loss,202,189,0.83,2026-06-19 02:36:00+00:00,https://www.reddit.com/r/wallstreetbets/comments/1u9pu4m/soo_what_happens_now/,,Negative,rules_based
1u8ehgp,I think I’m doing it.,,Loss,191,101,0.95,2026-06-17 16:08:00+00:00,https://www.reddit.com/r/wallstreetbets/comments/1u8ehgp/i_think_im_doing_it/,,Negative,rules_based
1u97nt2,I hate myself,"I am done now.  DCA in QQQ is the way.

&#x200B;

I hate myself.",Loss,176,107,0.91,2026-06-18 14:22:00+00:00,https://www.reddit.com/r/wallstreetbets/comments/1u97nt2/i_hate_myself/,,Negative,rules_based
1ubmd31,Go big or go home amirite?,I don’t know what I’m doing 🤪,YOLO,168,106,0.92,2026-06-21 10:11:00+00:00,https://www.reddit.com/r/wallstreetbets/comments/1ubmd31/go_big_or_go_home_amirite/,,Neutral,llm_judge
1uagkol,Long gamble in ARM turned into regret,"I went long on my ARM covered calls when it was around $100/share, now I have some regrets. Trying to decide if I buy back some of the contracts to report a loss on taxes (and get the stock back) or just take it like a proper Wendy’s employee.",Loss,165,52,0.91,2026-06-19 23:06:00+00:00,https://www.reddit.com/r/wallstreetbets/comments/1uagkol/long_gamble_in_arm_turned_into_regret/,,Negative,rules_based
1ubel5u,Cashing out on LEAPs,"Had some gains in LEAPs; DRAM, CRSR, AMD, WDC, MU, USO",Gain,164,46,0.91,2026-06-21 02:42:00+00:00,https://www.reddit.com/r/wallstreetbets/comments/1ubel5u/cashing_out_on_leaps/,,Positive,rules_based
1u6he49,Over Weekend Calls 4x,,Gain,150,24,0.95,2026-06-15 13:57:00+00:00,https://www.reddit.com/r/wallstreetbets/comments/1u6he49/over_weekend_calls_4x/,,Positive,rules_based
1u8ks8i,"Team Warsh, back to poverty","Day 1

Not a fan of our boy Warsh and ruining a good time",Loss,136,25,0.92,2026-06-17 19:56:00+00:00,https://www.reddit.com/r/wallstreetbets/comments/1u8ks8i/team_warsh_back_to_poverty/,,Negative,rules_based
1u84mmr,Anyone still holding Spirit Airlines ($FLYYQ)?,,Loss,136,65,0.91,2026-06-17 08:44:00+00:00,https://www.reddit.com/r/wallstreetbets/comments/1u84mmr/anyone_still_holding_spirit_airlines_flyyq/,FLYYQ,Negative,rules_based
1u9n3sp,Butterfly Network Shares Jump as Midjourney Unveils Imaging Platform Built on Ultrasound-on-Chip Technology (BFLY),,News,130,36,0.95,2026-06-19 00:24:00+00:00,https://www.reddit.com/r/wallstreetbets/comments/1u9n3sp/butterfly_network_shares_jump_as_midjourney/,,Positive,llm_judge
1uaalzr,My First 200% Stock,"I held bitfarm for a long time, then suddenly noticed it changed to keel one day and started mooning.",Gain,126,37,0.88,2026-06-19 19:00:00+00:00,https://www.reddit.com/r/wallstreetbets/comments/1uaalzr/my_first_200_stock/,,Positive,rules_based
1u7sfqw,$SPCX Baby Bear Play,"Little $1,700 bet against SpaceX now that options are live.

&#x200B;

17 total puts with September and December spreads.

&#x200B;

General thought is that the stock could crash to $20 and still be worth more than Boeing and Lockheed Martin combined.

&#x200B;

SpaceX is unprofitable, with an incredibly high price to sales ratio of 145x. Revenue is miniscule at \~$20 billion. Starlink is amazing in its own right, but rocketry is growing revenue slowly and AI is burning money.

&#x200B;

For reference:

&#x200B;

\- Lockheed Martin has a P/S ratio of \~1.6x

&#x200B;

\- Boeing has a P/S ratio of \~1.9x

&#x200B;

\- NVIDIA has a P/S ratio of \~20x

&#x200B;

\- Meta has a P/S ratio of \~7x 

&#x200B;

\- Tesla has a P/S ratio of \~15x

&#x200B;

SpaceX is insanely overvalued, an order of magnitude moreso than Tesla. The market just needs a shock to realize it.

&#x200B;

Main catalysts are:

&#x200B;

\- First earnings call (September 2nd)

&#x200B;

\- 90-day insider lock-up expiration (September 10th)

&#x200B;

\- Regulatory scrutiny over accounting and valuation metrics (shout-out Elizabeth Warren)

&#x200B;

Further out ones include: 

&#x200B;

\- Anthropic IPO

&#x200B;

\- OpenAI IPO

&#x200B;

These two could funnel hype away, or pop the AI bubble. If the AI leg of SpaceX dies in the water, I could absolutely see valuation returning to a typical 200 to 400 billion (still massive for aerospace).

&#x200B;

\- 180-day insider lock-up expiration (December 9th).

&#x200B;

And of course any wild erratic actions from Elon could tank the stock.

&#x200B;

TLDR:

&#x200B;

Little short position of a cash-burning hardware business masquerading as a $2.86T tech monopoly.

&#x200B;

The goal: profit from panic selling and multiple compression cycles as artificial scarcity ends as a result of closing lock-up periods and liquidity shifts to pure AI plays. And there's always a chance the AI bubble pops.

&#x200B;

\*\*The Float Reality Check:\*\*

&#x200B;

The stock is currently skyrocketing because the float is so small.

&#x200B;

Today, the float is 5%, about 640 million shares. 

&#x200B;

\- In September, the float will skyrocket to 1.5 billion shares. 

&#x200B;

\- In December, the float will grow to 13 billion shares.

&#x200B;

Fact is, the IPO was oversubscribed, and there are people willing to pay any price to own SpaceX. Demand for shares exceeded the supply of shares. I don't think that trend will continue past the September release, and certainly not past the December release.

&#x200B;

We'll see how it plays out... The market can stay irrational, but it can't invent liquidity to absorb a 13 billion share flood.

&#x200B;

Reality is going to strike hard, and insiders are going to want to diversify. 

&#x200B;

Manage your positions ruthlessly, everyone. 

&#x200B;

\* It is worth mentioning index fund risk - billions of dollars WILL funnel into the stock soon. 

&#x200B;

However, I believe active fund managers are currently buying shares to sell to the index funds when they push the market up. Arbitrage.

&#x200B;

Institutional frontrunners will leave afterwards, in my opinion. In August I believe there will be a severe lack of demand as a result, and the lock-up release in September will showcase that in full force.",DD,120,197,0.82,2026-06-16 22:34:00+00:00,https://www.reddit.com/r/wallstreetbets/comments/1u7sfqw/spcx_baby_bear_play/,SPCX,Negative,llm_judge
1u7140d,$17k SPY Calls Gain📈,I opened a diagonal spread on Fri with the 752c exp Thurs (bought) and 753c exp Mon (sold). I thought we'd rocket up but I didn't realize how much. If I didn't sell the short calls I would've made another $30k+. I'll take the $17k win though📈,Gain,117,8,0.92,2026-06-16 02:33:00+00:00,https://www.reddit.com/r/wallstreetbets/comments/1u7140d/17k_spy_calls_gain/,,Positive,rules_based
1ubezr3,Memory stocks - next play?,"How are you approaching MU earnings on Wednesday and the following momentum on all the remaining memory stocks, assuming all the stocks move higher? I was holding some OTM LEAPS on MU and DRAM starting from April, but I realized I’d be better off if I simply bought shares back in January - wishful thinking. I’m not sure how much more of a parabolic potential do all these memory stocks have left but I wanted to get your opinion on how you approach such parabolic moves, assuming MU beats on all fronts on Wednesday - just like SNDK did in April.

I could either buy ATM LEAPS or 2x leveraged ETFs on MU and SNDK. I know that with the leveraged ETFs, the daily reset creates a compounding effect that can either work against me or for me, depending on how the underlying stock behaves over a multi-day period. So I’d only buy leveraged ETFs if the earnings are stellar.

How do you decide between leveraged ETFs vs ATM calls 6-9 months out in such cases?",Discussion,112,153,0.79,2026-06-21 03:04:00+00:00,https://www.reddit.com/r/wallstreetbets/comments/1ubezr3/memory_stocks_next_play/,,Neutral,llm_judge
1u8exfb,Just discovered SPCX options,"Did I do it right, SPCX gang? Will I be rich?",Gain,110,35,0.86,2026-06-17 16:24:00+00:00,https://www.reddit.com/r/wallstreetbets/comments/1u8exfb/just_discovered_spcx_options/,,Positive,rules_based
1u6ixki,"Missed the boat, made some money in day trading 0DTE 100% win today !","https://preview.redd.it/u52h1xlfmg7h1.png?width=1387&format=png&auto=webp&s=e0c34610cf4b19bc231158a17035efe546478073

As title says, missed today bull run, but made it today by choose 0DTE within 20 minutes. 

Beginner/learner of the 0DTE trick, could not make YOLO yet.

There was no chart reading, technical analysis, just picked 7550 strike target and repeated bought when it hit $9.

Good Luck and Good Day to you all",Gain,107,44,0.73,2026-06-15 14:55:00+00:00,https://www.reddit.com/r/wallstreetbets/comments/1u6ixki/missed_the_boat_made_some_money_in_day_trading/,,Positive,rules_based
1u7h5gt,All My Eggs in One Basket: Keep holding NVDA or Sell at a Loss?,"My goal is $1.1M. About 80% of my money is in NVDA. I made a concentrated bet thinking NVDA would soon reach 300 and Id become a millionaire in the next 4 months. I thought 230s would be the new low.

My average cost is $216.6, but most of my shares were bought around $236. I sold my all voo to buy so many shares, so also owe capital tax gain on voo,

I’ve wanted to bet on SPCX, MU, and trade SPY options, but my money is tied up in NVDA.

If you were me, would you keep waiting for NVDA to recover despite other ideas coming to mind, or would you move some money elsewhere at a loss?",DD,86,288,0.68,2026-06-16 15:42:00+00:00,https://www.reddit.com/r/wallstreetbets/comments/1u7h5gt/all_my_eggs_in_one_basket_keep_holding_nvda_or/,,Negative,llm_judge
1u9gs06,$273K realized P&L since 2024. They said options are gambling 🤷‍♂️,"Started last year not knowing what I was doing. Apparently still don’t need to.

\+$204K from options alone, +19% last month.",Gain,81,90,0.67,2026-06-18 20:02:00+00:00,https://www.reddit.com/r/wallstreetbets/comments/1u9gs06/273k_realized_pl_since_2024_they_said_options_are/,,Positive,rules_based
1u70icj,Spacex Swiss Cheese,"I’ve been watching the SpaceX IPO debate here on Reddit and news. I hear the concerns.

Everyone is arguing about whether SpaceX is overvalued or whether Elon is a genius.  
That’s not what I’m interested in.

In cybersecurity, we use the Swiss Cheese Model. A single gap usually doesn’t cause a major incident. Problems happen when multiple conditions line up at the same time.

That’s what caught my attention with this IPO.  
A low float by itself isn’t unusual.  
Retail investors getting access isn’t unusual.  
Index funds buying shares isn’t unusual.  
Dual-class shares aren’t unusual.  
Insider lockups aren’t unusual.  
But when you stack all of them together, it creates a very specific setup. According to ChatGPT this is a unique combo. 

To me, this doesn’t look like a pure Facebook comparison or a pure Rivian comparison. It’s a mix of several IPOs we’ve seen before.

Facebook got hammered after its IPO and lockup periods, then went on to become one of the best-performing companies in history.

Rivian had a great story, a great product, and plenty of smart investors behind it. The valuation just got way ahead of what the business could support at the time.

The reason I’m not rushing to either conclusion is because the real test hasn’t happened yet.  
These are the dates I’m watching:

**Late July / Early August** – First earnings report and first insider unlock. Do insiders hold or start taking money off the table?

**September through November** – Multiple lockup expirations. This is where we’ll see what happens when more shares hit the market and scarcity starts disappearing.

**December** – By then we’ll have a much better idea whether demand is still there once the IPO excitement fades.

**2027** – This is the big one. Not “can SpaceX build rockets?” We already know they can. The question is whether Starlink and the rest of the business can generate enough revenue and cash flow to support a valuation north of $2 trillion.

Would be interested on what others think.",Discussion,81,97,0.67,2026-06-16 02:06:00+00:00,https://www.reddit.com/r/wallstreetbets/comments/1u70icj/spacex_swiss_cheese/,,Neutral,llm_judge
1u91vh6,INTC flyer call exercised after 1 year,"Bought multiple 25$ 18 jun 2026 Intc calls last year in may-june. Sold most of them off by the end of last year and left 1 flyer, ended up exercising today.
Contract was at 3433%.  
Hopefully i can get way more mileage out of CCs.",Gain,78,10,0.88,2026-06-18 09:46:00+00:00,https://www.reddit.com/r/wallstreetbets/comments/1u91vh6/intc_flyer_call_exercised_after_1_year/,,Positive,rules_based
1u98m1x,$47k SNDK YOLO THANK YOU WSB 🙏🏻🫡,,YOLO,77,23,0.92,2026-06-18 14:59:00+00:00,https://www.reddit.com/r/wallstreetbets/comments/1u98m1x/47k_sndk_yolo_thank_you_wsb/,,Positive,llm_judge
1u8d28s,SPCX One Month Later,I turned off my phone. See you next month,YOLO,73,65,0.78,2026-06-17 15:17:00+00:00,https://www.reddit.com/r/wallstreetbets/comments/1u8d28s/spcx_one_month_later/,,Neutral,llm_judge
1u8ko0k,Buy the FOMC dip - 70k into GOOG,,YOLO,70,19,0.86,2026-06-17 19:52:00+00:00,https://www.reddit.com/r/wallstreetbets/comments/1u8ko0k/buy_the_fomc_dip_70k_into_goog/,,Positive,llm_judge
1u9flwn,Ez Picks,,Gain,65,33,0.82,2026-06-18 19:17:00+00:00,https://www.reddit.com/r/wallstreetbets/comments/1u9flwn/ez_picks/,,Positive,rules_based
1u9gbaj,Bet 24K chips on SPCX,I haven't given up yet!,YOLO,61,60,0.84,2026-06-18 19:44:00+00:00,https://www.reddit.com/r/wallstreetbets/comments/1u9gbaj/bet_24k_chips_on_spcx/,,Positive,llm_judge
1u8hynz,CRSR Guy Back for Part 2. Bottom is in and AI Pivot is Real. $25k YOLO,CRSR has given up its recent gains and I’m coming back in for more. The AI story is real and this stock has proven it can run. IV low again so view this as solid risk reward at these levels.,YOLO,58,41,0.81,2026-06-17 18:14:00+00:00,https://www.reddit.com/r/wallstreetbets/comments/1u8hynz/crsr_guy_back_for_part_2_bottom_is_in_and_ai/,,Positive,llm_judge
1u6w3qd,Is this a diversified portfolio?,485k on AVGO LFG!!!!! 🚀 🌙,YOLO,54,35,0.85,2026-06-15 22:51:00+00:00,https://www.reddit.com/r/wallstreetbets/comments/1u6w3qd/is_this_a_diversified_portfolio/,,Positive,llm_judge
1u9s1p5,Love you to the muun and back <3,,YOLO,54,9,0.86,2026-06-19 04:26:00+00:00,https://www.reddit.com/r/wallstreetbets/comments/1u9s1p5/love_you_to_the_muun_and_back_3/,,Positive,llm_judge
1u9d1cf,DRAM Bulls Report In,Sold about half my port after today's pump - still holding another 1300 but decided to take some profits,Gain,52,22,0.9,2026-06-18 17:43:00+00:00,https://www.reddit.com/r/wallstreetbets/comments/1u9d1cf/dram_bulls_report_in/,,Positive,rules_based
1u7544f,Advance money duplicator,"what do we say here ?
good enough to screen shot then good enough to hold till it 3x ?

got this last week during the selloff",Gain,51,13,0.85,2026-06-16 05:59:00+00:00,https://www.reddit.com/r/wallstreetbets/comments/1u7544f/advance_money_duplicator/,,Positive,rules_based
1u8jtsq,Assembled my task force for FOMC,Warsh sux,Loss,48,34,0.89,2026-06-17 19:21:00+00:00,https://www.reddit.com/r/wallstreetbets/comments/1u8jtsq/assembled_my_task_force_for_fomc/,,Negative,rules_based
1u7k59z,12k spcx call yolo,,YOLO,46,33,0.86,2026-06-16 17:28:00+00:00,https://www.reddit.com/r/wallstreetbets/comments/1u7k59z/12k_spcx_call_yolo/,,Positive,llm_judge
1uaafb6,I probably shouldn't have...but I did anyways. Wish me luck.,C'mon Reta!!,YOLO,42,23,0.86,2026-06-19 18:52:00+00:00,https://www.reddit.com/r/wallstreetbets/comments/1uaafb6/i_probably_shouldnt_havebut_i_did_anyways_wish_me/,,Positive,llm_judge
1u8jdta,So when does spx moon today?,,Loss,41,21,0.82,2026-06-17 19:06:00+00:00,https://www.reddit.com/r/wallstreetbets/comments/1u8jdta/so_when_does_spx_moon_today/,,Negative,rules_based
1u9mx3x,"Japan's May core inflation stays below BOJ target, fuel-induced rise eyed","Summary:

* May core CPI rises 1.4% yr/yr, matches forecast.
* Index excluding fresh food, fuel rises 1.8% yr/yr in May.
* Analysts expect inflation to ​accelerate in coming months.",News,40,4,0.88,2026-06-19 00:15:00+00:00,https://www.reddit.com/r/wallstreetbets/comments/1u9mx3x/japans_may_core_inflation_stays_below_boj_target/,,Neutral,llm_judge
1u7nltd,~300k NBIS part Roth part calls,"Ngl I still don’t understand how this company is even a thing. I would figure trad clouds would eat the space. Well wherever that Aleabito guy is basically my friends bf and he is shilling it hard.

Tbh I was gonna sell it all the other week but I’m gonna hold cause QQQ inclusion. 

Did you all know this company is Dutch? Crazyyyyyy",YOLO,40,15,0.87,2026-06-16 19:31:00+00:00,https://www.reddit.com/r/wallstreetbets/comments/1u7nltd/300k_nbis_part_roth_part_calls/,,Positive,llm_judge
1u8j051,HOOD $100 calls…when to sell?,When would you sell? Im pretty high in HOOD but profit is profit.,Gain,40,29,0.8,2026-06-17 18:52:00+00:00,https://www.reddit.com/r/wallstreetbets/comments/1u8j051/hood_100_callswhen_to_sell/,,Positive,rules_based
1u891v8,Nothing like a de risked portfolio without all eggs in one basket,,Gain,39,32,0.77,2026-06-17 12:39:00+00:00,https://www.reddit.com/r/wallstreetbets/comments/1u891v8/nothing_like_a_de_risked_portfolio_without_all/,,Positive,rules_based
1u7zubl,We live and learn,"Didn’t realize this was supposed to be posted as a YOLO but here it is. Been thinking about posting this for a long time but if this can help at least one person then it counts. I invested into The Metals Company back in July ending January 16th of this year. Let me tell you all something whether you know or not, DO NOT LET THE FOMO GET TO YOU!!!!! I invested 12.5k and made back 40k just to not sell because the stock never reached above the strike price. Whether I could’ve sold below it or not doesn’t matter because I’ll never go into options again. I sold my shares in my Roth IRA to buy those contracts. Investing is not supposed to be fun, just try to max out your Roth IRA by buying VOO. NOT AI btw! This is real proof of my stupidity!",YOLO,37,27,0.87,2026-06-17 04:13:00+00:00,https://www.reddit.com/r/wallstreetbets/comments/1u7zubl/we_live_and_learn/,,Negative,llm_judge
1ual9sg,SNXX Gains,"Realized these 9 days ago, but wasn’t able to post due to Reddit suspension. (Don’t type “the group of people who trade KOSPI” need to get liquidated before you will buy DRAM.)

These look good until you realize when I sold vs where SNXX is today. Can’t be too upset, because I spent it on MU/DRAM shares.",Gain,37,14,0.79,2026-06-20 02:54:00+00:00,https://www.reddit.com/r/wallstreetbets/comments/1ual9sg/snxx_gains/,,Positive,rules_based
1u9bpis,To sell or not to sell,Hold for earnings or lock it in?,Discussion,36,65,0.83,2026-06-18 16:54:00+00:00,https://www.reddit.com/r/wallstreetbets/comments/1u9bpis/to_sell_or_not_to_sell/,,Neutral,llm_judge
1u9grf6,DRAM calls 40k yolo,,YOLO,36,27,0.86,2026-06-18 20:01:00+00:00,https://www.reddit.com/r/wallstreetbets/comments/1u9grf6/dram_calls_40k_yolo/,,Neutral,llm_judge
1u94weo,Hi Robinhoodies 🪶 💚,"be good, be **$HOOD** 🗣️",Gain,35,14,0.8,2026-06-18 12:28:00+00:00,https://www.reddit.com/r/wallstreetbets/comments/1u94weo/hi_robinhoodies/,,Positive,rules_based
1u7j0dh,BE  This pullback is a gift  New highs incoming,,Gain,35,24,0.83,2026-06-16 16:49:00+00:00,https://www.reddit.com/r/wallstreetbets/comments/1u7j0dh/be_this_pullback_is_a_gift_new_highs_incoming/,,Positive,rules_based
1u7n7y9,Thanks to all the women for using ELF product :),Bought 8 days before and 28K gain.,Gain,33,14,0.79,2026-06-16 19:17:00+00:00,https://www.reddit.com/r/wallstreetbets/comments/1u7n7y9/thanks_to_all_the_women_for_using_elf_product/,,Positive,rules_based
1u9q2pr,Big win on my beloved cat,Been swing trading this stock for a couple years this is my biggest win. Some in my Roth some in my normal investing account. Closing on a house end of the month and wouldn't have been able to get it without this extremely irresponsible bet.,Gain,32,10,0.8,2026-06-19 02:47:00+00:00,https://www.reddit.com/r/wallstreetbets/comments/1u9q2pr/big_win_on_my_beloved_cat/,,Positive,rules_based
1u6cbn4,Am I doing this right?,I am drowning in gains 😭,Gain,29,6,0.71,2026-06-15 10:07:00+00:00,https://www.reddit.com/r/wallstreetbets/comments/1u6cbn4/am_i_doing_this_right/,,Positive,rules_based
1u8np82,Msft pls I need it,"3.2k leverage is like 2.6

Why is msft always crashing although they having great numbers in the earnings I don't get it :(",Loss,29,44,0.71,2026-06-17 21:47:00+00:00,https://www.reddit.com/r/wallstreetbets/comments/1u8np82/msft_pls_i_need_it/,,Negative,rules_based
1u9xilv,Accidental regard in call credit spread for SOXL,"Accidental got awarded a 100 short on SOXL after playing a 0 dte 280/285 call credit spread because I did not close the short leg before market close.

Please.",Loss,25,34,0.81,2026-06-19 09:41:00+00:00,https://www.reddit.com/r/wallstreetbets/comments/1u9xilv/accidental_regard_in_call_credit_spread_for_soxl/,,Negative,rules_based
1u8ph0o,Regard opens YOLO 5:1 long on ARM,"Finally decided to stop lurking and join the ranks. I’ve just gone full port on ARM because I like the look of semiconductor stocks and the volatility is too good to ignore. Currently down about £3.5k, but we’re just getting started.  How regarded am I?",YOLO,24,33,0.79,2026-06-17 22:59:00+00:00,https://www.reddit.com/r/wallstreetbets/comments/1u8ph0o/regard_opens_yolo_51_long_on_arm/,,Negative,llm_judge
1u6l6f6,ATH soon 🌙,,YOLO,22,11,0.71,2026-06-15 16:16:00+00:00,https://www.reddit.com/r/wallstreetbets/comments/1u6l6f6/ath_soon/,,Positive,llm_judge
1u95jp1,Dead by ZQ,Why rate hike? Why not hike my position?,Loss,19,26,0.83,2026-06-18 12:57:00+00:00,https://www.reddit.com/r/wallstreetbets/comments/1u95jp1/dead_by_zq/,,Negative,rules_based
1u99etr,CRSR YOLO,I think this stock still has alot of room to go up. We shall see.,YOLO,18,30,0.77,2026-06-18 15:29:00+00:00,https://www.reddit.com/r/wallstreetbets/comments/1u99etr/crsr_yolo/,,Positive,llm_judge
1u9ls7e,30k 0DTE IBM & BLOOM,Everything is computer🫡,Gain,17,14,0.79,2026-06-18 23:24:00+00:00,https://www.reddit.com/r/wallstreetbets/comments/1u9ls7e/30k_0dte_ibm_bloom/,,Positive,rules_based
1u9apgg,BE $312.27  currently $310.88. That's not the finish line    I'm betting on one more moonshot,,Gain,16,14,0.82,2026-06-18 16:17:00+00:00,https://www.reddit.com/r/wallstreetbets/comments/1u9apgg/be_31227_currently_31088_thats_not_the_finish/,,Positive,rules_based
1u9lclc,Regret selling this week's expiry HIMS yesterday,,Gain,14,4,0.81,2026-06-18 23:05:00+00:00,https://www.reddit.com/r/wallstreetbets/comments/1u9lclc/regret_selling_this_weeks_expiry_hims_yesterday/,,Positive,rules_based
1u9i38c,Take me to the promise land $QCOM,Betting big on investors day coming on June 24th.,YOLO,14,10,0.77,2026-06-18 20:52:00+00:00,https://www.reddit.com/r/wallstreetbets/comments/1u9i38c/take_me_to_the_promise_land_qcom/,QCOM,Positive,llm_judge
1u9ho88,Golden SPX lotto play bought 3:58 PM at $.70,,Gain,12,12,0.8,2026-06-18 20:36:00+00:00,https://www.reddit.com/r/wallstreetbets/comments/1u9ho88/golden_spx_lotto_play_bought_358_pm_at_70/,,Positive,rules_based
1u9gv6o,Baby gain for you guys,,Gain,10,6,0.68,2026-06-18 20:05:00+00:00,https://www.reddit.com/r/wallstreetbets/comments/1u9gv6o/baby_gain_for_you_guys/,,Positive,rules_based
1u8j9dm,TE Leaps … what u think?,,YOLO,5,12,0.62,2026-06-17 19:01:00+00:00,https://www.reddit.com/r/wallstreetbets/comments/1u8j9dm/te_leaps_what_u_think/,,Neutral,llm_judge
1u93gfv,Am i regarded or not?,"The way i see it qqq wil drop after forced buying in on spcx so im either losing some spare change or we making some big bucks.

&#x200B;

Add to it the insane spike in the price the last 2 months this can be big.

&#x200B;

See you guys on the other side of the candle 😎",Discussion,4,17,0.56,2026-06-18 11:16:00+00:00,https://www.reddit.com/r/wallstreetbets/comments/1u93gfv/am_i_regarded_or_not/,,Positive,llm_judge
1ucnvbm,SPACEX Puts,Thanks Elon Bust 💦,Gain,4,1,1.0,2026-06-22 15:33:00+00:00,https://www.reddit.com/r/wallstreetbets/comments/1ucnvbm/spacex_puts/,,Positive,rules_based
1u9bxsu,SOXL,"I am in SOXL for 100 shares at $180 last Wednesday. I sold a call on it for $205 strike. I have collected premium. Now it’s time to decide if I should roll it again or just let it go and take my profits.

I can roll to another $205 for next week for $500 premium. 

Or I can roll up and out. $225 I have debit of $10.75. I get $925 of value. 

Or I roll up and out to $250 strike for a debit of $31.50. Value of $1350. But carries some additional risk. 

What say you wallstreetbets?

Note premiums keep jumping around. So they are different in the screenshots than they are in my post.",Discussion,4,17,0.63,2026-06-18 17:03:00+00:00,https://www.reddit.com/r/wallstreetbets/comments/1u9bxsu/soxl/,,Neutral,llm_judge
1ucw7hp,I've never seen a 1 Trillion Dollar Rug pull before... so that's pretty cool,"Disclaimer, I don't know if actual rug pull, but wouldn't be surprised if it eventually turns out it was.
  
So the math. SpaceX launches to the public at 150 a share at a valuation of about 1.77 trillion.. It Shot up when our brethren bought in to about 3 Trillion dollars value. Today, it's almost back down to 150... thus, over a trillion dollars lost in less than a week. Feels pumpy and or dumpy. How is everyone holding up?",Loss,3,0,1.0,2026-06-22 20:36:00+00:00,https://www.reddit.com/r/wallstreetbets/comments/1ucw7hp/ive_never_seen_a_1_trillion_dollar_rug_pull/,,Negative,rules_based
1uc82ex,Are there any 🏳️‍🌈🐻 in the room with us?,,Meme,3,0,1.0,2026-06-22 02:17:00+00:00,https://www.reddit.com/r/wallstreetbets/comments/1uc82ex/are_there_any_in_the_room_with_us/,,Neutral,llm_judge
1u9g9jc,SPCX scalps,"So I know this strategy is gonna bite me eventually but so far my SpaceX scalps are my 3rd highest on the yr so far! (and it's been a great year!).. I hope it goes back up to $220+ then will start trying to scalp shorts (depending on the action and time frame)

Let's keep making that paper, y'all! ✊",Gain,2,6,0.55,2026-06-18 19:42:00+00:00,https://www.reddit.com/r/wallstreetbets/comments/1u9g9jc/spcx_scalps/,,Positive,rules_based
1ubv6f4,"Iran says Trump’s threat halted talks with the US, Fars Reports",,News,2,0,1.0,2026-06-21 17:00:00+00:00,https://www.reddit.com/r/wallstreetbets/comments/1ubv6f4/iran_says_trumps_threat_halted_talks_with_the_us/,,Neutral,llm_judge
1ucp2k6,Sharon AI $SHAZ,I know the CEO and he told me it’s going to moonshot end of year. Sharon going to give me da herps,YOLO,2,0,1.0,2026-06-22 16:16:00+00:00,https://www.reddit.com/r/wallstreetbets/comments/1ucp2k6/sharon_ai_shaz/,SHAZ,Positive,llm_judge
1ucpj7f,Bag holders how we feeling?,,Discussion,2,0,1.0,2026-06-22 16:32:00+00:00,https://www.reddit.com/r/wallstreetbets/comments/1ucpj7f/bag_holders_how_we_feeling/,,Neutral,llm_judge
1ucr008,800% gain on INTC,,Gain,2,0,1.0,2026-06-22 17:26:00+00:00,https://www.reddit.com/r/wallstreetbets/comments/1ucr008/800_gain_on_intc/,,Positive,rules_based
1ucpvgj,$MSFT,,Meme,2,0,1.0,2026-06-22 16:45:00+00:00,https://www.reddit.com/r/wallstreetbets/comments/1ucpvgj/msft/,MSFT,Neutral,llm_judge
1ucrp2d,Its been fun. Just gonna go back to investing no more trading. I tried.,,Loss,2,0,1.0,2026-06-22 17:51:00+00:00,https://www.reddit.com/r/wallstreetbets/comments/1ucrp2d/its_been_fun_just_gonna_go_back_to_investing_no/,,Negative,rules_based
1ucuwcw,Puts go brrrr,,Gain,2,0,1.0,2026-06-22 19:48:00+00:00,https://www.reddit.com/r/wallstreetbets/comments/1ucuwcw/puts_go_brrrr/,,Positive,rules_based
1ucvxpi,CRDO reached $300 per share. Revenue has been growing exponentially,"Do you think the growth is justified and P/S ratio of 41x is justified?

Fundamentals(sorry for the ""F"" word :D ) are growing exponentially:  
Revenue growth YoY was 157% last quarter  
Gross margin is stable at 68%  
Operating margin is 35%",Discussion,2,0,1.0,2026-06-22 20:26:00+00:00,https://www.reddit.com/r/wallstreetbets/comments/1ucvxpi/crdo_reached_300_per_share_revenue_has_been/,,Positive,llm_judge
1uczcdz,"SpaceX stock tumbles 16.4%, shaving off most IPO gains since debut",,News,2,0,1.0,2026-06-22 22:35:00+00:00,https://www.reddit.com/r/wallstreetbets/comments/1uczcdz/spacex_stock_tumbles_164_shaving_off_most_ipo/,,Negative,llm_judge
